,,DAY 0,
,,,
,,,
,Badminton,6 PM - 9:00 PM,TSG Badminton Courts
,Basketball,"10AM - 1 AM, 5:30PM-8",LLR Basketball Courts
,,,
,Cricket,9AM -9PM,Tata Complex
,,,
,Football,9 AM - 1:30 PM,Tata Complex
,,3:30PM - 9:30 PM,
,OPENING CEREMONY,6 PM - 7:40 PM,Netaji Auditorium
,,,
,Volleyball,10AM-9PM,Panloop Volleyball Court
,,,
,Esports(Krafton),5PM-12PM,Vikramshila
,,,
,,,
,,,
,,DAY 1,
,,,
,Basketball,10:00AM - 1:00 PM,LLR Basketball Courts
,,4:00PM - 6:30PM,
,Cricket,9AM-9PM,Tata Complex
,,,
,Football,9AM -1:30 PM,Tata Complex
,,2PM-9:30PM,
,Athletics,,Jnan Ghosh 
,,,
,Volleyball,9 AM-1 PM,Panloop VolleyBall Court
,,4:00 PM- 8:00 PM,
, Lawn Tennis,9:00 AM- 12:00PM,TSG Tennis Court
,,4:00PM - 7:00 PM,
,Esports krafton,5:00PM - 12:00PM,GYMKHANA
,,,
,Table Tennis,10:00 AM - 12:00 PM,Gymkhana 
,,5PM -8PM,
,,,
,Chess,10:30 AM - 12:45 PM,Vikramshila Foyer
,,3:00 PM - 6:30PM,
,Badminton,11:00 AM- 12:30PM,TSG Badminton Courts
,,3:00 PM-6:30 PM,
,,,
,Kabaddi,3:00 PM - 6:00 PM,LLR Volleyball Court
,Arena,4:00 PM - 1:00 AM,TSG Foyer
,Funzone,4:00 PM - 1:00 AM,Shaurya Arena
,,,
,,DAY 2,
,,,
,,,
,Athletics,8 AM - 10:30 AM,Jnan Ghosh 
,,2:45 PM - 4:00 PM,
,Badminton,10 AM - 11:30 AM,TSG Badminton Courts
,,2 PM - 3:30 PM,
,Basketball,8 AM - 10 AM,LLR Basketball Courts
,,3 PM - 5 PM,
,Cricket,8:30 AM - 12:30 PM,Tata Complex
,,2:00 PM - 6:00 PM,
,Football,9 AM - 12 PM,Tata Complex
,,2 PM - 5 PM,
,Kabaddi,9:30 AM - 12:30 PM,LLR Volleyball Court
,,2 PM - 5 PM,
, Lawn Tennis,9 AM - 12 PM,TSG Tennis Court
,,2 PM - 5 PM,
,Table Tennis,11 AM - 12:15 PM,Gymkhana
,,2 PM - 4:30 PM,
,Squash,9:30 AM - 12 PM,Gymkhana Squash Court
,,2:30 PM - 4:30 PM,
,Volleyball,9 AM - 12 PM,Panloop
,,2 PM - 5 PM,
,Pickleball,9 AM - 12 PM,TSG Tennis Court
,,2 PM - 6 PM,
,"Weightling, Powerlifting ( Weigh In 7:30 AM - 9 AM )",11 AM - 1 PM,Gymkhana 
,,2 PM - 4 PM,
,Mr. Shaurya,5 PM - 6 PM,Gymkhana 
,College Campus Tour Finals,9 AM - 12:30 PM,Vikramshila
,Campus Clash India Finals,1 PM Onwards ,
,Golf,4 PM - 1 AM,Arena
,Arena,4 PM - 1 AM,TSG Foyer
,Funzone,4 PM - 1 AM,Shaurya Arena
,Closing Ceremony ,7 PM - 9 PM.,Jnan Ghosh